<?xml version="1.0" encoding="utf-8"?>
<tumeden>
  	<!-- 
	||||||||||||||||||||||||||||||||||||||||||||||||||||||||||||||||||||||||||||||||||||||||||||||||||||||||||||||
						Code that allows you to pickup more objects
							                                                                                   -->
	
		<!-- Pick up tree stumps -->	
			<append xpath="/blocks/block[@name='treeStump']" >	
			<property name="Class" value="CropsGrown"/>		
			</append>

		<!-- Pick up tires -->		
			<append xpath="/blocks/block[@name='decoCarTireSmallFlat']">	
			<property name="Class" value="CropsGrown"/>
			<drop event="Harvest" name="resourceScrapPolymers" count="4,22" tag="allHarvest"/>
			</append>
		
			<append xpath="/blocks/block[@name='decoCarTireFlat']">	
			<property name="Class" value="CropsGrown"/>		
			<drop event="Harvest" name="resourceScrapPolymers" count="6,22" tag="allHarvest"/>
			</append>

			<append xpath="/blocks/block[@name='decoCarTirePile']">	
			<property name="Class" value="CropsGrown"/>		
			<drop event="Harvest" name="resourceScrapPolymers" count="12,60" tag="allHarvest"/>
			</append>

			<append xpath="/blocks/block[@name='decoCarTireStack']">	
			<property name="Class" value="CropsGrown"/>		
			<drop event="Harvest" name="resourceScrapPolymers" count="48,62" tag="allHarvest"/>
			</append>

			<append xpath="/blocks/block[@name='decoCarWheelFlat']">	
			<property name="Class" value="CropsGrown"/>		
			<drop event="Harvest" name="resourceScrapPolymers" count="8,22" tag="allHarvest"/>
			</append>
		<!-- -->	

		
		<!-- Add the E action to SOME blinds/shower curtains -->
			<append xpath="/blocks/block[@name='miniblindTopSheet']" >
			<property name="Class" value="CropsGrown"/>
			<drop event="Harvest" name="resourceCloth" count="1,20" tag="allHarvest"/>
			</append>

			<append xpath="/blocks/block[@name='miniblindBottomSheet']" >
			<property name="Class" value="CropsGrown"/>
			<drop event="Harvest" name="resourceCloth" count="1,20" tag="allHarvest"/>
			</append>

			<append xpath="/blocks/block[@name='commercialBlindsTop']" >
			<property name="Class" value="CropsGrown"/>
			<drop event="Harvest" name="resourceCloth" count="1,20" tag="allHarvest"/>		
			</append>

			<append xpath="/blocks/block[@name='verticalBlindsTopWhite']" >
			<property name="Class" value="CropsGrown"/>
			<drop event="Harvest" name="resourceCloth" count="1,20" tag="allHarvest"/>		
			</append>

			<append xpath="/blocks/block[@name='verticalBlindsBottomWhite']" >
			<property name="Class" value="CropsGrown"/>
			<drop event="Harvest" name="resourceCloth" count="1,20" tag="allHarvest"/>
			</append>	

			<append xpath="/blocks/block[@name='curtainDrapesFullTopWhite']" >
			<property name="Class" value="CropsGrown"/>
			<drop event="Harvest" name="resourceCloth" count="1,20" tag="allHarvest"/>
			</append>	

			<append xpath="/blocks/block[@name='curtainDrapesFullBottomWhite']" >
			<property name="Class" value="CropsGrown"/>
			<drop event="Harvest" name="resourceCloth" count="1,20" tag="allHarvest"/>
			</append>	

			<append xpath="/blocks/block[@name='curtainDrapesLeftHalfTopWhite']" >
			<property name="Class" value="CropsGrown"/>
			<drop event="Harvest" name="resourceCloth" count="1,20" tag="allHarvest"/>
			</append>	

			<append xpath="/blocks/block[@name='curtainDrapesLeftHalfTileWhite']" >
			<property name="Class" value="CropsGrown"/>
			<drop event="Harvest" name="resourceCloth" count="1,20" tag="allHarvest"/>
			</append>	

			<append xpath="/blocks/block[@name='curtainDrapesLeftHalfBottomWhite']" >
			<property name="Class" value="CropsGrown"/>
			<drop event="Harvest" name="resourceCloth" count="1,20" tag="allHarvest"/>
			</append>

			<append xpath="/blocks/block[@name='curtainDrapesRightHalfTopWhite']" >
			<property name="Class" value="CropsGrown"/>
			<drop event="Harvest" name="resourceCloth" count="1,20" tag="allHarvest"/>
			</append>	

			<append xpath="/blocks/block[@name='curtainDrapesRightHalfTileWhite']" >
			<property name="Class" value="CropsGrown"/>
			<drop event="Harvest" name="resourceCloth" count="1,20" tag="allHarvest"/>
			</append>	

			<append xpath="/blocks/block[@name='curtainDrapesRightHalfBottomWhite']" >
			<property name="Class" value="CropsGrown"/>
			<drop event="Harvest" name="resourceCloth" count="1,20" tag="allHarvest"/>
			</append>						
		<!-- -->
	

		<!-- Add the E action to grass and shrubs --> 
			<append xpath="/blocks/block[contains(@name,'treeTallGrassDiagonal') and not(contains(@name,'Player'))]">
			<property name="Class" value="CropsGrown"/>
			</append>

			<append xpath="/blocks/block[contains(@name,'treeBrownGrassDiagonal') and not(contains(@name,'Player'))]">
			<property name="Class" value="CropsGrown"/>
			</append>

			<append xpath="/blocks/block[contains(@name,'treeDeadPineLeaf') and not(contains(@name,'Player'))]">
			<property name="Class" value="CropsGrown"/>
			</append>

			<append xpath="/blocks/block[contains(@name,'treeDesertShrub') and not(contains(@name,'Player'))]">
			<property name="Class" value="CropsGrown"/>
			</append>

			<append xpath="/blocks/block[contains(@name,'treeForestGrassDiagonal') and not(contains(@name,'Player'))]">
			<property name="Class" value="CropsGrown"/>
			</append>

			<append xpath="/blocks/block[contains(@name,'treeGreenBrownGrassDiagonal') and not(contains(@name,'Player'))]">
			<property name="Class" value="CropsGrown"/>
			</append>
			<!--
			<append xpath="/blocks/block[contains(@name,'treePlainsTree') and not(contains(@name,'Player'))]">
			<property name="Class" value="CropsGrown"/>
			</append>
			-->	
			<append xpath="/blocks/block[contains(@name,'treeSnowyDeadBush') and not(contains(@name,'Player'))]">
			<property name="Class" value="CropsGrown"/>
			</append>

			<append xpath="/blocks/block[contains(@name,'treeSnowyGrassDiagonal') and not(contains(@name,'Player'))]">
			<property name="Class" value="CropsGrown"/>
			</append>

			<append xpath="/blocks/block[contains(@name,'forestFlower') and not(contains(@name,'Player'))]">
			<property name="Class" value="CropsGrown"/>
			</append>

			<append xpath="/blocks/block[contains(@name,'treeAzalea') and not(contains(@name,'Player'))]">
			<property name="Class" value="CropsGrown"/>
			</append>
		<!-- --> 
		
		
		<!-- Add the E action to wild plants -->
			<append xpath="/blocks/block[@name='plantedMushroom3Harvest']">
			<property name="Class" value="CropsGrown"/>
			</append>
			<append xpath="/blocks/block[@name='plantedYucca3Harvest']">
			<property name="Class" value="CropsGrown"/>
			</append>
			<append xpath="/blocks/block[@name='plantedCotton3Harvest']">
			<property name="Class" value="CropsGrown"/>
			</append>
			<append xpath="/blocks/block[@name='plantedCoffee3Harvest']">
			<property name="Class" value="CropsGrown"/>
			</append>
			<append xpath="/blocks/block[@name='plantedGoldenrod3Harvest']">
			<property name="Class" value="CropsGrown"/>
			</append>
			<append xpath="/blocks/block[@name='plantedAloe3Harvest']">
			<property name="Class" value="CropsGrown"/>
			</append>
			<append xpath="/blocks/block[@name='plantedBlueberry3Harvest']">
			<property name="Class" value="CropsGrown"/>
			</append>
			<append xpath="/blocks/block[@name='plantedPotato3Harvest']">
			<property name="Class" value="CropsGrown"/>
			</append>
			<append xpath="/blocks/block[@name='plantedChrysanthemum3Harvest']">
			<property name="Class" value="CropsGrown"/>
			</append>
			<append xpath="/blocks/block[@name='plantedCorn3Harvest']">
			<property name="Class" value="CropsGrown"/>
			</append>
			<append xpath="/blocks/block[@name='plantedGraceCorn3Harvest']">
			<property name="Class" value="CropsGrown"/>
			</append>
			<append xpath="/blocks/block[@name='plantedHop3Harvest']">
			<property name="Class" value="CropsGrown"/>
			</append>
			<append xpath="/blocks/block[@name='plantedSnowberry3Harvest']">
			<property name="Class" value="CropsGrown"/>
			</append>
		<!-- Add the E action to wild plants end -->
		
		<!-- E pickup spikes --> 

			<append xpath="/blocks/block[@name='trapSpikesWoodDmg0']">
			<property name="CanPickup" value="true"/>
			</append>	

			<append xpath="/blocks/block[@name='trapSpikesWoodDmg1']">
			<property name="CanPickup" value="true"/>
			</append>

			<append xpath="/blocks/block[@name='trapSpikesWoodDmg2']">
			<property name="CanPickup" value="true"/>
			</append>		

			<append xpath="/blocks/block[@name='trapSpikesIronDmg0']">
			<property name="CanPickup" value="true"/>
			</append>	

			<append xpath="/blocks/block[@name='trapSpikesIronDmg1']">
			<property name="CanPickup" value="true"/>
			</append>	

			<append xpath="/blocks/block[@name='trapSpikesIronDmg2']">
			<property name="CanPickup" value="true"/>
			</append>		
					
			<append xpath="/blocks/block[@name='barbedFence']">
			<property name="CanPickup" value="true"/>
			</append>

		<!-- E pickup mines --> 		
			
			<append xpath="/blocks/block[@name='hubcapNoMine']">
			<property name="CanPickup" value="true"/>
			</append>	
			
			<append xpath="/blocks/block[@name='mineCandyTin']">
			<property name="CanPickup" value="true"/>
			</append>
			
			<append xpath="/blocks/block[@name='mineCookingPot']">
			<property name="CanPickup" value="true"/>
			</append>
			
			<append xpath="/blocks/block[@name='mineHubcap']">
			<property name="CanPickup" value="true"/>
			</append>
			
			<append xpath="/blocks/block[@name='mineAirFilter']">
			<property name="CanPickup" value="true"/>
			</append>		
		<!-- -->     
            
        
        <!-- Scraps on ground pickup -->
			<append xpath="/blocks/block[@name='scrapMetalPile']">
			<property name="Class" value="CropsGrown"/>
			<drop event="Harvest" name="resourceScrapIron" count="1,20" tag="allHarvest"/>
			<drop event="Destroy" count="0"/>
			</append>	
			<append xpath="/blocks/block[@name='terrDestroyedWoodDebris']">
			<property name="Class" value="CropsGrown"/>
			<drop event="Harvest" name="resourceWood" count="1,20" tag="allHarvest"/>
			<drop event="Destroy" count="0"/>
			</append>	
				<!-- Disabled, cause it's a little broken lol.  
			<append xpath="/blocks/block[@name='terrDestroyedStone']">
			<property name="Class" value="CropsGrown"/>
			<drop event="Harvest" name="resourceStone" count="1,20" tag="allHarvest"/>
			<drop event="Destroy" count="0"/> -->
		<!--  -->
		
</tumeden>